relpath	orig_size	sha256	part_glob	n_parts
workspace/vllm/vllm/_C.abi3.so	529408488	f8ade2fc0c15fdc8484615af1a96450366662126f1a0e3067e733fb54d16f8e3	workspace/vllm/vllm/_C.abi3.so.*.part	6
workspace/vllm/vllm/_moe_C.abi3.so	109303080	fbabc0a9acc6c844b9c4447f7e06c96e947ea41d10bbcdd73d8852365c5274d3	workspace/vllm/vllm/_moe_C.abi3.so.*.part	2
workspace/vllm/vllm/vllm_flash_attn/_vllm_fa2_C.abi3.so	418228160	0b3fa4fca21b3be5b11a0753ac427d985a4d3b6b99c9cc89a8e67ebac87e9924	workspace/vllm/vllm/vllm_flash_attn/_vllm_fa2_C.abi3.so.*.part	5
workspace/vllm/vllm/vllm_flash_attn/_vllm_fa3_C.abi3.so	1320598152	1d5a7a86b5c7cf8fafc7be15d2153466a4a8e292aff2a18d580b1edff366017a	workspace/vllm/vllm/vllm_flash_attn/_vllm_fa3_C.abi3.so.*.part	14
workspace/vllm/SpecForge/output/lvm_eagle3_lora_v1/epoch_0_step_3475/model.safetensors	674113892	496a61a8b08dfc5689ca62296445e81d82c90a9e3f215f75f4b60c1d968ac9e4	workspace/vllm/SpecForge/output/lvm_eagle3_lora_v1/epoch_0_step_3475/model.safetensors.*.part	8
workspace/vllm/SpecForge/output/lvm_eagle3_lora_v1/epoch_0_step_3475/training_state.pt	2696165929	f745920edbc4d509dda570ad16720a7363063ce30cb5c573ff734a826c4dad26	workspace/vllm/SpecForge/output/lvm_eagle3_lora_v1/epoch_0_step_3475/training_state.pt.*.part	29
workspace/vllm/SpecForge/datasets/lvm_stream_v1/train.jsonl	172658016	8b4d9c7691afdfc634a76f29b68c3fab9a49928cd72d0351ae6527d1d26952a5	workspace/vllm/SpecForge/datasets/lvm_stream_v1/train.jsonl.*.part	2
workspace/vllm/SpecForge/datasets/lvm_stream_v1/train.regen_error.jsonl	176953116	1012c95f59dee4355805d8878b3f5525e3c7f7421616ba2b80d03348b0bb84a1	workspace/vllm/SpecForge/datasets/lvm_stream_v1/train.regen_error.jsonl.*.part	2
workspace/vllm/SpecForge/datasets/lvm_stream_v1_train30/val.jsonl	172347480	f81934e983afac110afc191e29e057278d333922688af30c810767f44c55f9c6	workspace/vllm/SpecForge/datasets/lvm_stream_v1_train30/val.jsonl.*.part	2
workspace/vllm/tream/lvm_tokenizer/ckpt/laion/pytorch_model.bin	585077729	fed960b9b88968dcaab28fd0cb28b786693b83b21fa93b1a1ad1177b3f7e9fd1	workspace/vllm/tream/lvm_tokenizer/ckpt/laion/pytorch_model.bin.*.part	7
workspace/vllm/tream/lvm_tokenizer/ckpt/vqgan_encode_trt.pt	324696812	5f8f100555be2787c353f6b85b9be76772178d3100b13b27297185036c7d9363	workspace/vllm/tream/lvm_tokenizer/ckpt/vqgan_encode_trt.pt.*.part	4
workspace/vllm/tream/lvm-llama2-7b/model-00006-of-00006.safetensors	1486505752	7152301879ade0e7a7ea45ccd6e3a0aa73e69731187699c53b0ec642227da3a5	workspace/vllm/tream/lvm-llama2-7b/model-00006-of-00006.safetensors.*.part	16
workspace/vllm/tream/lvm-llama2-7b/model-00001-of-00006.safetensors	4993063080	33c674382a2d1ca5696233453f912d9e95ec39006d3d9e315ea51f60b719140a	workspace/vllm/tream/lvm-llama2-7b/model-00001-of-00006.safetensors.*.part	53
workspace/vllm/tream/lvm-llama2-7b/model-00004-of-00006.safetensors	4857206904	7c4937ca701a254326f51089d9e590a89e889b215843def0720f6eeae15b8b2e	workspace/vllm/tream/lvm-llama2-7b/model-00004-of-00006.safetensors.*.part	52
workspace/vllm/tream/lvm-llama2-7b/model-00002-of-00006.safetensors	4991424824	d49c43c50da3191d91975329f7666c76d567fe2929c1bc0f3e88dc558476d6c6	workspace/vllm/tream/lvm-llama2-7b/model-00002-of-00006.safetensors.*.part	53
workspace/vllm/tream/lvm-llama2-7b/model-00005-of-00006.safetensors	4857206904	5b4bafb0c07d2fbe9b64f6f4cb24ce4cd0f69c4ff0d6bb386aa61cb0486f35f3	workspace/vllm/tream/lvm-llama2-7b/model-00005-of-00006.safetensors.*.part	52
workspace/vllm/tream/lvm-llama2-7b/model-00003-of-00006.safetensors	4991424864	7a24b10371168cb274360fcebbcc5d23caffa6e4678600d59fc6f6daebf12e85	workspace/vllm/tream/lvm-llama2-7b/model-00003-of-00006.safetensors.*.part	53
